{"stats":{"minecraft:dropped":{"minecraft:oak_fence":1,"minecraft:cobblestone":1,"minecraft:grass_block":1,"minecraft:torch":1,"minecraft:bone_meal":1,"minecraft:polished_blackstone_bricks":1,"minecraft:smooth_stone":2,"minecraft:cauldron":1,"minecraft:bricks":5,"minecraft:oak_planks":1,"minecraft:diamond_sword":1,"minecraft:sea_lantern":1,"minecraft:flower_pot":1,"minecraft:brick_stairs":1,"minecraft:stone_bricks":2,"minecraft:red_nether_bricks":1},"minecraft:picked_up":{"minecraft:ladder":1,"minecraft:ender_chest":1,"minecraft:flower_pot":5,"minecraft:diamond_sword":1,"minecraft:string":49,"minecraft:acacia_door":4,"minecraft:red_nether_bricks":1,"minecraft:glass_pane":1,"minecraft:smooth_stone":1,"minecraft:beef":10,"minecraft:poppy":6,"minecraft:egg":7,"minecraft:black_stained_glass":1,"minecraft:stone":1,"minecraft:oak_door":1,"minecraft:oak_fence":1,"minecraft:torch":16,"minecraft:green_bed":1,"minecraft:polished_blackstone_bricks":1,"minecraft:carrot":10,"minecraft:cauldron":1,"minecraft:yellow_banner":1,"minecraft:zombie_spawn_egg":1,"minecraft:arrow":49,"minecraft:rotten_flesh":157,"minecraft:brick_stairs":1,"minecraft:bone_block":1,"minecraft:cobblestone":2,"minecraft:enchanting_table":1,"minecraft:andesite":1,"minecraft:acacia_wood":1,"minecraft:bedrock":1,"minecraft:cobblestone_stairs":1,"minecraft:gunpowder":12,"minecraft:dirt":33,"minecraft:lantern":1,"minecraft:bone":68,"minecraft:stone_bricks":2,"minecraft:iron_ingot":27,"minecraft:oak_planks":2,"minecraft:scaffolding":12,"minecraft:milk_bucket":1,"minecraft:loom":1,"minecraft:grass_block":2,"minecraft:acacia_stairs":1,"minecraft:sea_lantern":2,"minecraft:mossy_cobblestone":1,"minecraft:sugar":2,"minecraft:slime_ball":388,"minecraft:bone_meal":1,"minecraft:melon_seeds":1,"minecraft:bricks":5,"minecraft:ender_pearl":2},"minecraft:custom":{"minecraft:mob_kills":77,"minecraft:leave_game":50,"minecraft:time_since_death":48359,"minecraft:climb_one_cm":44454,"minecraft:sprint_one_cm":263123,"minecraft:walk_one_cm":1496084,"minecraft:drop":22,"minecraft:talked_to_villager":6,"minecraft:deaths":1,"minecraft:sneak_time":22267,"minecraft:walk_under_water_one_cm":7398,"minecraft:jump":2607,"minecraft:interact_with_blast_furnace":1,"minecraft:walk_on_water_one_cm":9998,"minecraft:play_one_minute":1339608,"minecraft:pot_flower":139,"minecraft:time_since_rest":48467,"minecraft:trigger_trapped_chest":1,"minecraft:damage_dealt":4645,"minecraft:fly_one_cm":6036480,"minecraft:open_chest":5,"minecraft:crouch_one_cm":19011},"minecraft:mined":{"minecraft:white_bed":1,"minecraft:green_bed":16,"minecraft:lime_bed":10,"minecraft:yellow_bed":6},"minecraft:killed":{"minecraft:spider":1,"minecraft:slime":67,"minecraft:skeleton":2,"minecraft:iron_golem":1,"minecraft:bat":2,"minecraft:creeper":2,"minecraft:cow":1},"minecraft:used":{"minecraft:oak_fence":372,"minecraft:oak_trapdoor":43,"minecraft:enchanting_table":1,"minecraft:iron_bars":2168,"minecraft:acacia_log":21,"minecraft:iron_shovel":16,"minecraft:red_concrete":1185,"minecraft:armor_stand":10,"minecraft:dispenser":1,"minecraft:diamond_hoe":21,"minecraft:bone_block":33,"minecraft:poppy":6,"minecraft:ladder":241,"minecraft:chest":103,"minecraft:ender_chest":1,"minecraft:stone":300,"minecraft:iron_sword":83,"minecraft:red_nether_brick_stairs":71,"minecraft:oak_door":40,"minecraft:torch":254,"minecraft:brewing_stand":2,"minecraft:dirt":92,"minecraft:target":4,"minecraft:nether_bricks":18,"minecraft:bee_nest":3,"minecraft:nether_brick_slab":145,"minecraft:warped_door":4,"minecraft:oak_wood":30,"minecraft:acacia_sapling":1,"minecraft:golden_shovel":52,"minecraft:beehive":3,"minecraft:blue_concrete":42,"minecraft:nether_brick_stairs":176,"minecraft:oak_fence_gate":2,"minecraft:stripped_spruce_log":271,"minecraft:milk_bucket":1,"minecraft:jungle_sapling":1,"minecraft:mossy_cobblestone_stairs":26,"minecraft:glass":5770,"minecraft:dark_oak_planks":9,"minecraft:sea_lantern":178,"minecraft:bricks":3720,"minecraft:bookshelf":25,"minecraft:villager_spawn_egg":48,"minecraft:lantern":67,"minecraft:grass_block":245,"minecraft:oak_stairs":1717,"minecraft:brick_stairs":19,"minecraft:polished_blackstone_brick_stairs":63,"minecraft:light_blue_bed":10,"minecraft:dark_oak_slab":8,"minecraft:melon_seeds":6,"minecraft:stone_brick_stairs":87,"minecraft:barrel":4,"minecraft:stone_bricks":3583,"minecraft:bedrock":1,"minecraft:redstone_lamp":8,"minecraft:black_stained_glass":175,"minecraft:scaffolding":185,"minecraft:furnace":1,"minecraft:lime_stained_glass":68,"minecraft:acacia_wood":383,"minecraft:trapped_chest":10,"minecraft:acacia_planks":993,"minecraft:observer":2,"minecraft:orange_terracotta":1542,"minecraft:wheat_seeds":8,"minecraft:dark_oak_stairs":49,"minecraft:water_bucket":218,"minecraft:cobblestone_stairs":12,"minecraft:spruce_door":37,"minecraft:dropper":1,"minecraft:elder_guardian_spawn_egg":1,"minecraft:oak_planks":4317,"minecraft:red_nether_bricks":646,"minecraft:cartography_table":1,"minecraft:composter":2,"minecraft:redstone_block":6,"minecraft:cauldron":2,"minecraft:fletching_table":2,"minecraft:stonecutter":2,"minecraft:green_bed":72,"minecraft:polished_blackstone_bricks":1514,"minecraft:mossy_cobblestone":625,"minecraft:oak_slab":171,"minecraft:lime_bed":64,"minecraft:loom":2,"minecraft:blast_furnace":1,"minecraft:yellow_concrete":212,"minecraft:crossbow":4,"minecraft:campfire":6,"minecraft:white_bed":4,"minecraft:smoker":1,"minecraft:pumpkin_seeds":6,"minecraft:dark_oak_door":7,"minecraft:oak_log":450,"minecraft:netherite_block":28,"minecraft:lever":5,"minecraft:flower_pot":149,"minecraft:acacia_stairs":328,"minecraft:black_concrete":9339,"minecraft:oxeye_daisy":6,"minecraft:acacia_door":232,"minecraft:lectern":2,"minecraft:spruce_trapdoor":48,"minecraft:iron_door":10,"minecraft:diamond_sword":39,"minecraft:cobblestone":2721,"minecraft:orange_banner":3,"minecraft:grindstone":3,"minecraft:stripped_oak_wood":17,"minecraft:smithing_table":3,"minecraft:crimson_door":5,"minecraft:andesite":425,"minecraft:white_stained_glass":192,"minecraft:glass_pane":202,"minecraft:chain":97,"minecraft:grass_path":4,"minecraft:yellow_bed":48,"minecraft:dandelion":5,"minecraft:bone_meal":33,"minecraft:smooth_stone":5927,"minecraft:jukebox":4}},"DataVersion":2567}