{"stats":{"minecraft:dropped":{"minecraft:bricks":5,"minecraft:oak_fence":1,"minecraft:cobblestone":1,"minecraft:oak_planks":1,"minecraft:grass_block":1,"minecraft:diamond_sword":1,"minecraft:sea_lantern":1,"minecraft:flower_pot":1,"minecraft:brick_stairs":1,"minecraft:torch":1,"minecraft:stone_bricks":2,"minecraft:bone_meal":1,"minecraft:red_nether_bricks":1,"minecraft:polished_blackstone_bricks":1,"minecraft:smooth_stone":2,"minecraft:cauldron":1},"minecraft:picked_up":{"minecraft:flower_pot":1,"minecraft:diamond_sword":1,"minecraft:gunpowder":2,"minecraft:dirt":33,"minecraft:string":17,"minecraft:acacia_door":4,"minecraft:bone":32,"minecraft:stone_bricks":2,"minecraft:smooth_stone":1,"minecraft:beef":5,"minecraft:iron_ingot":27,"minecraft:poppy":6,"minecraft:oak_planks":1,"minecraft:egg":6,"minecraft:scaffolding":12,"minecraft:oak_door":1,"minecraft:oak_fence":1,"minecraft:torch":16,"minecraft:polished_blackstone_bricks":1,"minecraft:grass_block":1,"minecraft:carrot":5,"minecraft:sea_lantern":1,"minecraft:cauldron":1,"minecraft:arrow":23,"minecraft:rotten_flesh":91,"minecraft:slime_ball":321,"minecraft:bone_meal":1,"minecraft:brick_stairs":1,"minecraft:bricks":5,"minecraft:cobblestone":1,"minecraft:ender_pearl":1},"minecraft:custom":{"minecraft:mob_kills":74,"minecraft:play_one_minute":1182663,"minecraft:pot_flower":139,"minecraft:leave_game":46,"minecraft:time_since_death":1182663,"minecraft:climb_one_cm":44454,"minecraft:time_since_rest":1182663,"minecraft:sprint_one_cm":251700,"minecraft:walk_one_cm":1441060,"minecraft:trigger_trapped_chest":1,"minecraft:drop":22,"minecraft:damage_dealt":4196,"minecraft:talked_to_villager":6,"minecraft:fly_one_cm":5197710,"minecraft:open_chest":5,"minecraft:crouch_one_cm":18581,"minecraft:sneak_time":19602,"minecraft:walk_under_water_one_cm":7398,"minecraft:jump":2457,"minecraft:interact_with_blast_furnace":1,"minecraft:walk_on_water_one_cm":9998},"minecraft:mined":{"minecraft:white_bed":1,"minecraft:lime_bed":10,"minecraft:yellow_bed":6,"minecraft:green_bed":16},"minecraft:killed":{"minecraft:iron_golem":1,"minecraft:bat":2,"minecraft:slime":65,"minecraft:creeper":2,"minecraft:skeleton":2,"minecraft:cow":1},"minecraft:used":{"minecraft:oak_fence":324,"minecraft:oak_trapdoor":43,"minecraft:wheat_seeds":8,"minecraft:water_bucket":218,"minecraft:iron_bars":2168,"minecraft:enchanting_table":1,"minecraft:cobblestone_stairs":12,"minecraft:iron_shovel":16,"minecraft:spruce_door":29,"minecraft:dropper":1,"minecraft:oak_planks":2241,"minecraft:armor_stand":10,"minecraft:red_concrete":1185,"minecraft:elder_guardian_spawn_egg":1,"minecraft:red_nether_bricks":646,"minecraft:dispenser":1,"minecraft:ladder":241,"minecraft:poppy":6,"minecraft:bone_block":33,"minecraft:diamond_hoe":21,"minecraft:cartography_table":1,"minecraft:chest":103,"minecraft:ender_chest":1,"minecraft:redstone_block":6,"minecraft:iron_sword":83,"minecraft:composter":2,"minecraft:cauldron":2,"minecraft:green_bed":71,"minecraft:red_nether_brick_stairs":71,"minecraft:fletching_table":2,"minecraft:stonecutter":2,"minecraft:polished_blackstone_bricks":1453,"minecraft:oak_door":40,"minecraft:torch":227,"minecraft:mossy_cobblestone":285,"minecraft:brewing_stand":2,"minecraft:dirt":92,"minecraft:lime_bed":64,"minecraft:loom":2,"minecraft:oak_wood":30,"minecraft:nether_bricks":18,"minecraft:blast_furnace":1,"minecraft:yellow_concrete":212,"minecraft:warped_door":4,"minecraft:crossbow":4,"minecraft:nether_brick_slab":145,"minecraft:white_bed":4,"minecraft:bee_nest":3,"minecraft:golden_shovel":52,"minecraft:beehive":3,"minecraft:stripped_spruce_log":271,"minecraft:blue_concrete":42,"minecraft:pumpkin_seeds":6,"minecraft:nether_brick_stairs":176,"minecraft:smoker":1,"minecraft:oak_fence_gate":2,"minecraft:dark_oak_door":7,"minecraft:milk_bucket":1,"minecraft:oxeye_daisy":6,"minecraft:glass":5736,"minecraft:mossy_cobblestone_stairs":26,"minecraft:oak_log":450,"minecraft:flower_pot":149,"minecraft:netherite_block":28,"minecraft:lever":5,"minecraft:black_concrete":9339,"minecraft:sea_lantern":155,"minecraft:villager_spawn_egg":48,"minecraft:bricks":3720,"minecraft:bookshelf":25,"minecraft:acacia_door":230,"minecraft:lantern":2,"minecraft:grass_block":244,"minecraft:oak_stairs":1619,"minecraft:brick_stairs":19,"minecraft:lectern":2,"minecraft:spruce_trapdoor":48,"minecraft:light_blue_bed":10,"minecraft:polished_blackstone_brick_stairs":63,"minecraft:iron_door":10,"minecraft:barrel":4,"minecraft:stone_brick_stairs":82,"minecraft:melon_seeds":6,"minecraft:stone_bricks":3171,"minecraft:bedrock":1,"minecraft:diamond_sword":39,"minecraft:redstone_lamp":8,"minecraft:cobblestone":2257,"minecraft:black_stained_glass":175,"minecraft:orange_banner":3,"minecraft:scaffolding":185,"minecraft:stripped_oak_wood":17,"minecraft:lime_stained_glass":68,"minecraft:furnace":1,"minecraft:grindstone":3,"minecraft:smithing_table":3,"minecraft:crimson_door":5,"minecraft:grass_path":4,"minecraft:white_stained_glass":192,"minecraft:chain":9,"minecraft:glass_pane":76,"minecraft:yellow_bed":48,"minecraft:trapped_chest":10,"minecraft:dandelion":5,"minecraft:orange_terracotta":1542,"minecraft:jukebox":4,"minecraft:observer":2,"minecraft:smooth_stone":5913,"minecraft:bone_meal":4}},"DataVersion":2567}