{"stats":{"minecraft:mined":{"minecraft:white_bed":1,"minecraft:green_bed":16,"minecraft:lime_bed":10,"minecraft:yellow_bed":6},"minecraft:killed":{"minecraft:spider":4,"minecraft:slime":94,"minecraft:skeleton":2,"minecraft:iron_golem":1,"minecraft:bat":7,"minecraft:creeper":4,"minecraft:cow":1},"minecraft:custom":{"minecraft:mob_kills":114,"minecraft:leave_game":68,"minecraft:time_since_death":401269,"minecraft:climb_one_cm":48794,"minecraft:sprint_one_cm":277725,"minecraft:walk_one_cm":1696843,"minecraft:drop":24,"minecraft:talked_to_villager":6,"minecraft:deaths":1,"minecraft:sneak_time":32011,"minecraft:walk_under_water_one_cm":7398,"minecraft:jump":2991,"minecraft:interact_with_blast_furnace":4,"minecraft:walk_on_water_one_cm":9998,"minecraft:enchant_item":1,"minecraft:interact_with_furnace":18,"minecraft:play_one_minute":1692518,"minecraft:pot_flower":139,"minecraft:time_since_rest":401377,"minecraft:trigger_trapped_chest":1,"minecraft:damage_dealt":6968,"minecraft:fly_one_cm":8699761,"minecraft:open_chest":5,"minecraft:crouch_one_cm":21594},"minecraft:picked_up":{"minecraft:ender_chest":1,"minecraft:ladder":9,"minecraft:flower_pot":5,"minecraft:diamond_sword":1,"minecraft:string":52,"minecraft:acacia_door":7,"minecraft:red_nether_bricks":2,"minecraft:glass_pane":1,"minecraft:smooth_stone":1,"minecraft:beef":10,"minecraft:poppy":6,"minecraft:egg":7,"minecraft:dark_oak_door":2,"minecraft:black_stained_glass":1,"minecraft:stone":1,"minecraft:oak_door":6,"minecraft:oak_fence":1,"minecraft:torch":21,"minecraft:green_bed":1,"minecraft:polished_blackstone_bricks":1,"minecraft:carrot":10,"minecraft:cauldron":1,"minecraft:yellow_banner":1,"minecraft:zombie_spawn_egg":1,"minecraft:arrow":54,"minecraft:rotten_flesh":161,"minecraft:brick_stairs":1,"minecraft:bone_block":1,"minecraft:cobblestone":2,"minecraft:enchanting_table":1,"minecraft:andesite":1,"minecraft:acacia_wood":1,"minecraft:bedrock":1,"minecraft:cobblestone_stairs":1,"minecraft:gunpowder":14,"minecraft:dirt":33,"minecraft:lantern":1,"minecraft:bone":72,"minecraft:stone_bricks":3,"minecraft:iron_ingot":27,"minecraft:oak_planks":2,"minecraft:scaffolding":12,"minecraft:milk_bucket":1,"minecraft:grass_block":2,"minecraft:loom":1,"minecraft:acacia_stairs":1,"minecraft:spider_eye":1,"minecraft:sea_lantern":2,"minecraft:mossy_cobblestone":1,"minecraft:sugar":2,"minecraft:slime_ball":409,"minecraft:bone_meal":1,"minecraft:bricks":5,"minecraft:melon_seeds":1,"minecraft:ender_pearl":2},"minecraft:dropped":{"minecraft:oak_fence":1,"minecraft:cobblestone":1,"minecraft:grass_block":1,"minecraft:torch":1,"minecraft:bone_meal":1,"minecraft:polished_blackstone_bricks":1,"minecraft:smooth_stone":2,"minecraft:cauldron":1,"minecraft:bricks":5,"minecraft:oak_planks":1,"minecraft:diamond_sword":1,"minecraft:sea_lantern":1,"minecraft:flower_pot":1,"minecraft:brick_stairs":1,"minecraft:stone_bricks":3,"minecraft:red_nether_bricks":2},"minecraft:used":{"minecraft:oak_fence":844,"minecraft:oak_trapdoor":43,"minecraft:netherite_sword":58,"minecraft:iron_bars":2168,"minecraft:enchanting_table":3,"minecraft:acacia_log":21,"minecraft:iron_shovel":16,"minecraft:flint_and_steel":3,"minecraft:armor_stand":10,"minecraft:red_concrete":1317,"minecraft:bone_block":33,"minecraft:dispenser":1,"minecraft:polished_blackstone":114,"minecraft:diamond_hoe":21,"minecraft:poppy":6,"minecraft:ladder":303,"minecraft:chest":103,"minecraft:ender_chest":1,"minecraft:stone":300,"minecraft:iron_sword":83,"minecraft:red_nether_brick_stairs":275,"minecraft:oak_door":58,"minecraft:torch":421,"minecraft:brewing_stand":2,"minecraft:dirt":110,"minecraft:target":4,"minecraft:ancient_debris":4,"minecraft:nether_bricks":18,"minecraft:oak_wood":30,"minecraft:nether_brick_slab":145,"minecraft:warped_door":4,"minecraft:bee_nest":3,"minecraft:acacia_sapling":5,"minecraft:golden_shovel":52,"minecraft:beehive":3,"minecraft:blue_concrete":42,"minecraft:nether_brick_stairs":176,"minecraft:stripped_spruce_log":271,"minecraft:oak_fence_gate":7,"minecraft:milk_bucket":1,"minecraft:obsidian":41,"minecraft:jungle_sapling":6,"minecraft:mossy_cobblestone_stairs":26,"minecraft:glass":6252,"minecraft:dark_oak_planks":9,"minecraft:sea_lantern":244,"minecraft:bricks":4258,"minecraft:bookshelf":75,"minecraft:villager_spawn_egg":48,"minecraft:lantern":94,"minecraft:grass_block":362,"minecraft:oak_stairs":2917,"minecraft:brick_stairs":25,"minecraft:birch_sapling":3,"minecraft:polished_blackstone_brick_wall":182,"minecraft:dark_oak_slab":8,"minecraft:polished_blackstone_brick_stairs":63,"minecraft:light_blue_bed":10,"minecraft:barrel":4,"minecraft:crimson_planks":60,"minecraft:melon_seeds":6,"minecraft:stone_brick_stairs":87,"minecraft:stone_bricks":5130,"minecraft:bedrock":1,"minecraft:red_nether_brick_wall":398,"minecraft:redstone_lamp":8,"minecraft:black_stained_glass":175,"minecraft:scaffolding":245,"minecraft:furnace":229,"minecraft:lime_stained_glass":68,"minecraft:acacia_wood":384,"minecraft:infested_cobblestone":68,"minecraft:trapped_chest":10,"minecraft:end_stone_brick_stairs":227,"minecraft:acacia_planks":993,"minecraft:observer":2,"minecraft:orange_terracotta":1542,"minecraft:polished_blackstone_stairs":23,"minecraft:wheat_seeds":8,"minecraft:dark_oak_stairs":49,"minecraft:water_bucket":218,"minecraft:end_stone_bricks":38,"minecraft:cobblestone_stairs":14,"minecraft:spruce_door":39,"minecraft:dropper":1,"minecraft:elder_guardian_spawn_egg":1,"minecraft:oak_planks":6190,"minecraft:cartography_table":1,"minecraft:red_nether_bricks":1218,"minecraft:blackstone":24,"minecraft:redstone_block":6,"minecraft:composter":2,"minecraft:cauldron":2,"minecraft:fletching_table":2,"minecraft:stonecutter":2,"minecraft:green_bed":72,"minecraft:polished_blackstone_bricks":1789,"minecraft:respawn_anchor":2,"minecraft:mossy_cobblestone":626,"minecraft:oak_slab":181,"minecraft:lime_bed":64,"minecraft:loom":2,"minecraft:blast_furnace":14,"minecraft:yellow_concrete":322,"minecraft:crossbow":4,"minecraft:campfire":6,"minecraft:white_bed":4,"minecraft:smoker":1,"minecraft:pumpkin_seeds":6,"minecraft:dark_oak_door":11,"minecraft:oak_log":503,"minecraft:netherite_block":75,"minecraft:lever":5,"minecraft:flower_pot":149,"minecraft:acacia_stairs":328,"minecraft:black_concrete":10084,"minecraft:oxeye_daisy":6,"minecraft:acacia_door":258,"minecraft:lectern":2,"minecraft:red_terracotta":8,"minecraft:spruce_trapdoor":48,"minecraft:iron_door":10,"minecraft:spruce_sapling":4,"minecraft:diamond_sword":39,"minecraft:cobblestone":2934,"minecraft:orange_banner":3,"minecraft:crimson_stairs":72,"minecraft:stripped_oak_wood":17,"minecraft:grindstone":3,"minecraft:smithing_table":3,"minecraft:crimson_door":5,"minecraft:andesite":425,"minecraft:white_stained_glass":293,"minecraft:glass_pane":504,"minecraft:chain":122,"minecraft:grass_path":4,"minecraft:yellow_bed":48,"minecraft:dandelion":5,"minecraft:smooth_stone":6619,"minecraft:bone_meal":124,"minecraft:jukebox":4}},"DataVersion":2578}