{"stats":{"minecraft:used":{"minecraft:oak_log":540,"minecraft:oak_trapdoor":134,"minecraft:oak_fence":108,"minecraft:glass":403,"minecraft:stone_brick_slab":27,"minecraft:petrified_oak_slab":63,"minecraft:lever":20,"minecraft:water_bucket":90,"minecraft:sea_lantern":159,"minecraft:black_concrete":1,"minecraft:iron_bars":270,"minecraft:diamond_shovel":386,"minecraft:spruce_door":2,"minecraft:flint_and_steel":71,"minecraft:iron_block":56,"minecraft:grass_block":32,"minecraft:oak_stairs":392,"minecraft:quartz_block":218,"minecraft:oak_planks":84,"minecraft:stone_button":2,"minecraft:oak_sign":1,"minecraft:stone":160,"minecraft:smooth_quartz":67,"minecraft:iron_door":4,"minecraft:beacon":1,"minecraft:quartz_stairs":95,"minecraft:grass":1,"minecraft:mossy_stone_brick_slab":66,"minecraft:stone_brick_stairs":998,"minecraft:stone_bricks":8,"minecraft:torch":24,"minecraft:dirt":109,"minecraft:magma_block":3,"minecraft:lime_stained_glass":3,"minecraft:glass_pane":6,"minecraft:grass_path":3,"minecraft:infested_cobblestone":6,"minecraft:repeating_command_block":5,"minecraft:infested_stone_bricks":2784,"minecraft:smooth_stone":472,"minecraft:dark_oak_door":2},"minecraft:dropped":{"minecraft:quartz_block":1},"minecraft:custom":{"minecraft:time_since_rest":392171,"minecraft:sprint_one_cm":128334,"minecraft:walk_one_cm":456549,"minecraft:drop":1,"minecraft:damage_dealt":50,"minecraft:interact_with_beacon":1,"minecraft:fly_one_cm":3186457,"minecraft:swim_one_cm":754,"minecraft:play_one_minute":392171,"minecraft:crouch_one_cm":1888,"minecraft:sneak_time":11607,"minecraft:walk_under_water_one_cm":31207,"minecraft:jump":1126,"minecraft:leave_game":19,"minecraft:time_since_death":392171,"minecraft:walk_on_water_one_cm":10742,"minecraft:climb_one_cm":5012},"minecraft:picked_up":{"minecraft:torch":1,"minecraft:stone_button":1,"minecraft:string":2,"minecraft:quartz_block":1,"minecraft:wheat_seeds":32,"minecraft:lever":2,"minecraft:poppy":2}},"DataVersion":2230}