{"stats":{"minecraft:dropped":{"minecraft:iron_sword":1,"minecraft:oak_log":2,"minecraft:dark_oak_slab":1,"minecraft:oak_fence":1,"minecraft:lantern":1,"minecraft:command_block":1,"minecraft:polished_andesite":1,"minecraft:cornflower":1,"minecraft:smooth_stone":1,"minecraft:brick_wall":2,"minecraft:oak_trapdoor":1,"minecraft:netherite_sword":2,"minecraft:oak_planks":1,"minecraft:infested_stone_bricks":3,"minecraft:sea_lantern":1,"minecraft:ladder":1,"minecraft:stone_bricks":3,"minecraft:stone_brick_stairs":2,"minecraft:infested_cobblestone":1},"minecraft:picked_up":{"minecraft:wheat":22,"minecraft:ladder":39,"minecraft:infested_cobblestone":1,"minecraft:stone_brick_stairs":3,"minecraft:oak_trapdoor":1,"minecraft:cornflower":1,"minecraft:string":9,"minecraft:acacia_door":13,"minecraft:white_stained_glass":1,"minecraft:oak_sign":1,"minecraft:glass_pane":1,"minecraft:netherite_sword":2,"minecraft:smooth_stone":2,"minecraft:bucket":1,"minecraft:poppy":22,"minecraft:phantom_membrane":2,"minecraft:egg":1,"minecraft:black_stained_glass":1,"minecraft:stick":5,"minecraft:acacia_fence":1,"minecraft:oak_fence":2,"minecraft:torch":12,"minecraft:brick_wall":2,"minecraft:quartz_block":1,"minecraft:cactus":2,"minecraft:arrow":4,"minecraft:command_block":1,"minecraft:rotten_flesh":6,"minecraft:peony":1,"minecraft:mutton":2,"minecraft:iron_bars":1,"minecraft:white_wool":1,"minecraft:lime_stained_glass":1,"minecraft:lime_bed":1,"minecraft:water_bucket":1,"minecraft:oak_log":2,"minecraft:gunpowder":2,"minecraft:dirt":2,"minecraft:lantern":3,"minecraft:glass":1,"minecraft:bone":4,"minecraft:stone_bricks":5,"minecraft:wheat_seeds":115,"minecraft:bamboo":19,"minecraft:oak_planks":1,"minecraft:iron_sword":1,"minecraft:scaffolding":10,"minecraft:dark_oak_slab":1,"minecraft:dandelion":2,"minecraft:gravel":1,"minecraft:grass_path":1,"minecraft:sand":181,"minecraft:cyan_bed":1,"minecraft:acacia_stairs":1,"minecraft:spider_eye":2,"minecraft:sea_lantern":1,"minecraft:spruce_door":21,"minecraft:infested_stone_bricks":5,"minecraft:polished_andesite":2,"minecraft:bricks":1,"minecraft:red_concrete":1,"minecraft:acacia_slab":1,"minecraft:melon_seeds":10},"minecraft:custom":{"minecraft:mob_kills":9,"minecraft:interact_with_crafting_table":1,"minecraft:open_barrel":1,"minecraft:leave_game":160,"minecraft:time_since_death":2168952,"minecraft:climb_one_cm":193523,"minecraft:sprint_one_cm":456372,"minecraft:walk_one_cm":2564513,"minecraft:drop":27,"minecraft:talked_to_villager":5,"minecraft:deaths":3,"minecraft:sneak_time":100404,"minecraft:walk_under_water_one_cm":30196,"minecraft:jump":6891,"minecraft:interact_with_blast_furnace":1,"minecraft:walk_on_water_one_cm":44017,"minecraft:interact_with_furnace":2,"minecraft:play_one_minute":3442584,"minecraft:pot_flower":284,"minecraft:sleep_in_bed":3,"minecraft:time_since_rest":2169000,"minecraft:damage_dealt":2191,"minecraft:fly_one_cm":24205157,"minecraft:open_chest":15,"minecraft:crouch_one_cm":17550},"minecraft:mined":{"minecraft:red_bed":5,"minecraft:cyan_bed":22,"minecraft:lime_bed":1,"minecraft:light_blue_bed":19},"minecraft:killed":{"minecraft:spider":3,"minecraft:phantom":1,"minecraft:skeleton":1,"minecraft:strider":1,"minecraft:creeper":1,"minecraft:zombie":1},"minecraft:used":{"minecraft:oak_fence":1223,"minecraft:oak_trapdoor":105,"minecraft:stripped_acacia_wood":5,"minecraft:petrified_oak_slab":20,"minecraft:nether_brick_fence":15,"minecraft:netherite_sword":26,"minecraft:iron_bars":525,"minecraft:enchanting_table":1,"minecraft:acacia_log":887,"minecraft:flint_and_steel":1,"minecraft:armor_stand":2,"minecraft:polished_blackstone":54,"minecraft:dispenser":1,"minecraft:red_concrete":1054,"minecraft:spruce_slab":6,"minecraft:ladder":1291,"minecraft:oak_sign":3,"minecraft:spruce_planks":1578,"minecraft:chest":157,"minecraft:white_terracotta":3,"minecraft:stone":544,"minecraft:iron_sword":34,"minecraft:grass":3,"minecraft:quartz_stairs":141,"minecraft:bell":2,"minecraft:mossy_stone_brick_slab":19,"minecraft:farmland":2,"minecraft:orange_bed":14,"minecraft:torch":138,"minecraft:end_stone_brick_wall":12,"minecraft:dirt":351,"minecraft:brewing_stand":2,"minecraft:nether_bricks":113,"minecraft:spruce_stairs":462,"minecraft:warped_door":1,"minecraft:stone_stairs":5,"minecraft:nether_brick_slab":97,"minecraft:acacia_sapling":7,"minecraft:bee_nest":1,"minecraft:jungle_trapdoor":4,"minecraft:beehive":1,"minecraft:spruce_fence":59,"minecraft:blue_concrete":46,"minecraft:nether_brick_stairs":61,"minecraft:stripped_spruce_log":3,"minecraft:polished_diorite":50,"minecraft:glass":5566,"minecraft:stone_brick_slab":15,"minecraft:dark_oak_planks":123,"minecraft:sea_lantern":1052,"minecraft:bricks":3139,"minecraft:bookshelf":109,"minecraft:villager_spawn_egg":61,"minecraft:spruce_wood":12,"minecraft:lantern":119,"minecraft:grass_block":672,"minecraft:oak_stairs":2256,"minecraft:panda_spawn_egg":27,"minecraft:brick_stairs":18,"minecraft:acacia_slab":52,"minecraft:polished_blackstone_brick_wall":164,"minecraft:quartz_block":188,"minecraft:netherite_hoe":225,"minecraft:dark_oak_slab":788,"minecraft:light_blue_bed":116,"minecraft:polished_blackstone_brick_stairs":22,"minecraft:smooth_quartz":279,"minecraft:barrel":15,"minecraft:stone_brick_stairs":3532,"minecraft:melon_seeds":9,"minecraft:stone_bricks":20720,"minecraft:bamboo":21,"minecraft:glowstone":7,"minecraft:redstone_lamp":1,"minecraft:lime_concrete":41,"minecraft:snow":1,"minecraft:black_stained_glass":6,"minecraft:scaffolding":346,"minecraft:hay_block":47,"minecraft:iron_trapdoor":22,"minecraft:oak_sapling":2,"minecraft:furnace":10,"minecraft:lime_stained_glass":103,"minecraft:podzol":3,"minecraft:beetroot_seeds":7,"minecraft:acacia_fence":280,"minecraft:infested_cobblestone":1921,"minecraft:acacia_wood":64,"minecraft:end_stone_brick_stairs":63,"minecraft:acacia_planks":870,"minecraft:orange_stained_glass_pane":3,"minecraft:polished_blackstone_stairs":32,"minecraft:wheat_seeds":188,"minecraft:quartz_bricks":64,"minecraft:dark_oak_stairs":1250,"minecraft:water_bucket":429,"minecraft:diorite":53,"minecraft:end_rod":11,"minecraft:nether_brick_wall":422,"minecraft:end_stone_bricks":791,"minecraft:cobblestone_stairs":409,"minecraft:brick_wall":1667,"minecraft:spruce_door":224,"minecraft:stripped_acacia_log":721,"minecraft:acacia_trapdoor":5,"minecraft:polished_andesite":698,"minecraft:oak_planks":1632,"minecraft:cartography_table":4,"minecraft:blackstone":4,"minecraft:redstone_block":1,"minecraft:composter":2,"minecraft:cauldron":1,"minecraft:green_bed":7,"minecraft:cobblestone_slab":28,"minecraft:blue_bed":95,"minecraft:fletching_table":2,"minecraft:stonecutter":2,"minecraft:chiseled_nether_bricks":17,"minecraft:horse_spawn_egg":1,"minecraft:polished_blackstone_bricks":480,"minecraft:dark_oak_trapdoor":24,"minecraft:mossy_cobblestone":878,"minecraft:yellow_terracotta":152,"minecraft:sand":292,"minecraft:vine":7,"minecraft:lime_bed":56,"minecraft:lime_stained_glass_pane":4,"minecraft:crafting_table":4,"minecraft:strider_spawn_egg":1,"minecraft:loom":1,"minecraft:red_bed":18,"minecraft:brown_banner":39,"minecraft:blast_furnace":12,"minecraft:smooth_red_sandstone":70,"minecraft:yellow_stained_glass_pane":3,"minecraft:stone_brick_wall":6,"minecraft:campfire":1,"minecraft:dark_oak_fence_gate":33,"minecraft:chiseled_quartz_block":2,"minecraft:gray_concrete":86,"minecraft:lingering_potion":1,"minecraft:infested_stone_bricks":8678,"minecraft:spruce_log":1097,"minecraft:smoker":2,"minecraft:warped_planks":13,"minecraft:pumpkin_seeds":2,"minecraft:dark_oak_door":12,"minecraft:oak_log":1151,"minecraft:flower_pot":312,"minecraft:netherite_block":15,"minecraft:lever":8,"minecraft:green_concrete":12,"minecraft:acacia_stairs":992,"minecraft:black_concrete":2597,"minecraft:acacia_door":372,"minecraft:dark_oak_log":98,"minecraft:command_block":10,"minecraft:cyan_bed":113,"minecraft:lectern":4,"minecraft:stone_slab":12,"minecraft:red_terracotta":125,"minecraft:spruce_trapdoor":62,"minecraft:gravel":36,"minecraft:polished_andesite_slab":1,"minecraft:acacia_fence_gate":5,"minecraft:cobblestone":1955,"minecraft:grindstone":7,"minecraft:smithing_table":2,"minecraft:dark_oak_fence":617,"minecraft:crimson_door":1,"minecraft:andesite":652,"minecraft:white_stained_glass":4,"minecraft:bucket":129,"minecraft:grass_path":335,"minecraft:chain":192,"minecraft:glass_pane":154,"minecraft:smooth_stone_slab":8,"minecraft:polished_blackstone_button":1,"minecraft:white_concrete":3,"minecraft:smooth_stone":3394,"minecraft:bone_meal":98,"minecraft:jukebox":2,"minecraft:green_stained_glass":74}},"DataVersion":2567}