{"stats":{"minecraft:dropped":{"minecraft:iron_sword":1,"minecraft:oak_log":2,"minecraft:dark_oak_slab":1,"minecraft:oak_fence":1,"minecraft:lantern":1,"minecraft:polished_andesite":1,"minecraft:cornflower":1,"minecraft:smooth_stone":1,"minecraft:brick_wall":2,"minecraft:oak_trapdoor":1,"minecraft:netherite_sword":2,"minecraft:oak_planks":1,"minecraft:infested_stone_bricks":3,"minecraft:sea_lantern":1,"minecraft:ladder":1,"minecraft:stone_bricks":3,"minecraft:stone_brick_stairs":2,"minecraft:infested_cobblestone":1},"minecraft:picked_up":{"minecraft:wheat":6,"minecraft:ladder":39,"minecraft:infested_cobblestone":1,"minecraft:stone_brick_stairs":3,"minecraft:oak_trapdoor":1,"minecraft:cornflower":1,"minecraft:string":7,"minecraft:acacia_door":10,"minecraft:white_stained_glass":1,"minecraft:oak_sign":1,"minecraft:glass_pane":1,"minecraft:smooth_stone":2,"minecraft:netherite_sword":2,"minecraft:bucket":1,"minecraft:poppy":20,"minecraft:phantom_membrane":2,"minecraft:egg":1,"minecraft:black_stained_glass":1,"minecraft:stick":4,"minecraft:acacia_fence":1,"minecraft:oak_fence":2,"minecraft:torch":10,"minecraft:brick_wall":2,"minecraft:quartz_block":1,"minecraft:cactus":2,"minecraft:arrow":4,"minecraft:rotten_flesh":6,"minecraft:peony":1,"minecraft:mutton":2,"minecraft:iron_bars":1,"minecraft:white_wool":1,"minecraft:lime_stained_glass":1,"minecraft:lime_bed":1,"minecraft:water_bucket":1,"minecraft:oak_log":2,"minecraft:gunpowder":2,"minecraft:dirt":2,"minecraft:lantern":2,"minecraft:glass":1,"minecraft:bone":4,"minecraft:stone_bricks":5,"minecraft:wheat_seeds":56,"minecraft:bamboo":19,"minecraft:oak_planks":1,"minecraft:iron_sword":1,"minecraft:scaffolding":10,"minecraft:dark_oak_slab":1,"minecraft:dandelion":2,"minecraft:gravel":1,"minecraft:grass_path":1,"minecraft:cyan_bed":1,"minecraft:acacia_stairs":1,"minecraft:spider_eye":1,"minecraft:sea_lantern":1,"minecraft:spruce_door":21,"minecraft:infested_stone_bricks":5,"minecraft:polished_andesite":2,"minecraft:bricks":1,"minecraft:acacia_slab":1,"minecraft:red_concrete":1},"minecraft:custom":{"minecraft:mob_kills":7,"minecraft:interact_with_crafting_table":1,"minecraft:open_barrel":1,"minecraft:leave_game":137,"minecraft:time_since_death":1765879,"minecraft:climb_one_cm":171154,"minecraft:sprint_one_cm":436100,"minecraft:walk_one_cm":2395171,"minecraft:drop":26,"minecraft:deaths":3,"minecraft:sneak_time":90275,"minecraft:walk_under_water_one_cm":28571,"minecraft:jump":6347,"minecraft:interact_with_blast_furnace":1,"minecraft:walk_on_water_one_cm":42918,"minecraft:interact_with_furnace":2,"minecraft:play_one_minute":3039511,"minecraft:pot_flower":226,"minecraft:sleep_in_bed":3,"minecraft:time_since_rest":1765927,"minecraft:damage_dealt":1734,"minecraft:fly_one_cm":20907596,"minecraft:open_chest":15,"minecraft:crouch_one_cm":15497},"minecraft:mined":{"minecraft:red_bed":5,"minecraft:cyan_bed":22,"minecraft:lime_bed":1,"minecraft:light_blue_bed":19},"minecraft:killed":{"minecraft:spider":1,"minecraft:phantom":1,"minecraft:skeleton":1,"minecraft:strider":1,"minecraft:creeper":1,"minecraft:zombie":1},"minecraft:used":{"minecraft:oak_fence":1186,"minecraft:oak_trapdoor":101,"minecraft:stripped_acacia_wood":5,"minecraft:petrified_oak_slab":20,"minecraft:nether_brick_fence":15,"minecraft:netherite_sword":7,"minecraft:iron_bars":505,"minecraft:enchanting_table":1,"minecraft:acacia_log":506,"minecraft:flint_and_steel":1,"minecraft:armor_stand":2,"minecraft:polished_blackstone":54,"minecraft:dispenser":1,"minecraft:red_concrete":845,"minecraft:spruce_slab":6,"minecraft:ladder":1136,"minecraft:oak_sign":3,"minecraft:spruce_planks":1578,"minecraft:chest":157,"minecraft:white_terracotta":3,"minecraft:stone":269,"minecraft:iron_sword":34,"minecraft:grass":1,"minecraft:quartz_stairs":141,"minecraft:bell":2,"minecraft:mossy_stone_brick_slab":19,"minecraft:farmland":2,"minecraft:torch":109,"minecraft:end_stone_brick_wall":12,"minecraft:dirt":350,"minecraft:brewing_stand":2,"minecraft:nether_bricks":113,"minecraft:spruce_stairs":462,"minecraft:warped_door":1,"minecraft:nether_brick_slab":97,"minecraft:bee_nest":1,"minecraft:jungle_trapdoor":4,"minecraft:beehive":1,"minecraft:spruce_fence":59,"minecraft:blue_concrete":46,"minecraft:nether_brick_stairs":61,"minecraft:stripped_spruce_log":3,"minecraft:polished_diorite":50,"minecraft:glass":5030,"minecraft:stone_brick_slab":15,"minecraft:dark_oak_planks":109,"minecraft:sea_lantern":1018,"minecraft:bricks":2677,"minecraft:bookshelf":109,"minecraft:villager_spawn_egg":61,"minecraft:spruce_wood":12,"minecraft:lantern":58,"minecraft:grass_block":577,"minecraft:oak_stairs":1662,"minecraft:panda_spawn_egg":27,"minecraft:brick_stairs":14,"minecraft:acacia_slab":42,"minecraft:polished_blackstone_brick_wall":162,"minecraft:quartz_block":188,"minecraft:netherite_hoe":101,"minecraft:dark_oak_slab":737,"minecraft:light_blue_bed":98,"minecraft:polished_blackstone_brick_stairs":22,"minecraft:smooth_quartz":279,"minecraft:barrel":15,"minecraft:stone_brick_stairs":3401,"minecraft:melon_seeds":9,"minecraft:stone_bricks":20037,"minecraft:bamboo":21,"minecraft:glowstone":7,"minecraft:redstone_lamp":1,"minecraft:lime_concrete":41,"minecraft:snow":1,"minecraft:black_stained_glass":6,"minecraft:scaffolding":287,"minecraft:hay_block":38,"minecraft:iron_trapdoor":22,"minecraft:oak_sapling":2,"minecraft:furnace":10,"minecraft:lime_stained_glass":103,"minecraft:beetroot_seeds":7,"minecraft:acacia_fence":201,"minecraft:infested_cobblestone":1921,"minecraft:acacia_wood":32,"minecraft:end_stone_brick_stairs":63,"minecraft:acacia_planks":625,"minecraft:wheat_seeds":80,"minecraft:quartz_bricks":64,"minecraft:dark_oak_stairs":1102,"minecraft:water_bucket":234,"minecraft:diorite":53,"minecraft:end_rod":11,"minecraft:nether_brick_wall":422,"minecraft:end_stone_bricks":771,"minecraft:cobblestone_stairs":397,"minecraft:brick_wall":1667,"minecraft:spruce_door":215,"minecraft:stripped_acacia_log":721,"minecraft:acacia_trapdoor":5,"minecraft:polished_andesite":698,"minecraft:oak_planks":1054,"minecraft:cartography_table":4,"minecraft:blackstone":4,"minecraft:redstone_block":1,"minecraft:composter":1,"minecraft:cauldron":1,"minecraft:cobblestone_slab":28,"minecraft:fletching_table":2,"minecraft:blue_bed":51,"minecraft:stonecutter":2,"minecraft:chiseled_nether_bricks":17,"minecraft:horse_spawn_egg":1,"minecraft:polished_blackstone_bricks":480,"minecraft:dark_oak_trapdoor":24,"minecraft:mossy_cobblestone":682,"minecraft:yellow_terracotta":152,"minecraft:sand":291,"minecraft:vine":7,"minecraft:lime_bed":56,"minecraft:lime_stained_glass_pane":4,"minecraft:crafting_table":4,"minecraft:strider_spawn_egg":1,"minecraft:loom":1,"minecraft:red_bed":18,"minecraft:brown_banner":36,"minecraft:blast_furnace":12,"minecraft:smooth_red_sandstone":70,"minecraft:stone_brick_wall":6,"minecraft:campfire":1,"minecraft:dark_oak_fence_gate":33,"minecraft:chiseled_quartz_block":2,"minecraft:gray_concrete":86,"minecraft:lingering_potion":1,"minecraft:infested_stone_bricks":7690,"minecraft:spruce_log":1065,"minecraft:smoker":2,"minecraft:warped_planks":13,"minecraft:dark_oak_door":12,"minecraft:oak_log":1151,"minecraft:flower_pot":251,"minecraft:netherite_block":15,"minecraft:green_concrete":12,"minecraft:acacia_stairs":453,"minecraft:black_concrete":2367,"minecraft:acacia_door":338,"minecraft:dark_oak_log":98,"minecraft:cyan_bed":113,"minecraft:lectern":4,"minecraft:stone_slab":12,"minecraft:red_terracotta":63,"minecraft:spruce_trapdoor":62,"minecraft:gravel":36,"minecraft:polished_andesite_slab":1,"minecraft:acacia_fence_gate":5,"minecraft:cobblestone":1444,"minecraft:grindstone":7,"minecraft:smithing_table":2,"minecraft:dark_oak_fence":566,"minecraft:crimson_door":1,"minecraft:andesite":329,"minecraft:white_stained_glass":4,"minecraft:bucket":124,"minecraft:grass_path":265,"minecraft:chain":109,"minecraft:glass_pane":128,"minecraft:smooth_stone_slab":8,"minecraft:white_concrete":3,"minecraft:smooth_stone":3131,"minecraft:bone_meal":64,"minecraft:jukebox":2,"minecraft:green_stained_glass":74}},"DataVersion":2567}