<?xml version="1.0" encoding="UTF-8" standalone="no"?>
<ds:datastoreItem ds:itemID="{58AE4C47-1759-4BC9-B16A-8CFC21B985F8}" xmlns:ds="http://schemas.openxmlformats.org/officeDocument/2006/customXml"><ds:schemaRefs><ds:schemaRef ds:uri="http://schemas.microsoft.com/office/2006/metadata/contentType"/><ds:schemaRef ds:uri="http://schemas.microsoft.com/office/2006/metadata/properties/metaAttributes"/><ds:schemaRef ds:uri="http://www.w3.org/2001/XMLSchema"/><ds:schemaRef ds:uri="http://schemas.microsoft.com/office/2006/metadata/properties"/><ds:schemaRef ds:uri="de794a80-5ce7-4ff0-8f2f-ca8ce817fc24"/><ds:schemaRef ds:uri="4eaf7b43-cef3-45d9-85b2-b2cc3a14f837"/><ds:schemaRef ds:uri="http://schemas.microsoft.com/office/2006/documentManagement/types"/><ds:schemaRef ds:uri="http://schemas.microsoft.com/office/infopath/2007/PartnerControls"/><ds:schemaRef ds:uri="http://schemas.openxmlformats.org/package/2006/metadata/core-properties"/><ds:schemaRef ds:uri="http://purl.org/dc/elements/1.1/"/><ds:schemaRef ds:uri="http://purl.org/dc/terms/"/><ds:schemaRef ds:uri="http://schemas.microsoft.com/internal/obd"/></ds:schemaRefs></ds:datastoreItem>